<?xml version="1.0" encoding="UTF-8"?>
<project-private xmlns="http://www.netbeans.org/ns/project-private/1">
    <editor-bookmarks xmlns="http://www.netbeans.org/ns/editor-bookmarks/2" lastBookmarkId="0"/>
    <open-files xmlns="http://www.netbeans.org/ns/projectui-open-files/2">
        <group>
            <file>file:/D:/Projet%20java/GESTION/src/Medicament.java</file>
            <file>file:/D:/Projet%20java/GESTION/src/UpdateMedoc.java</file>
            <file>file:/D:/Projet%20java/GESTION/src/Achat.java</file>
            <file>file:/D:/Projet%20java/GESTION/src/AccueilPage.java</file>
            <file>file:/D:/Projet%20java/GESTION/src/Entree.java</file>
            <file>file:/D:/Projet%20java/GESTION/src/UpdateEntree.java</file>
            <file>file:/D:/Projet%20java/GESTION/src/UpdateAchat.java</file>
        </group>
    </open-files>
</project-private>
